{"cameraMode":{"drawMode":0,"name":"Shaded","section":"Shading Mode"},"sceneLighting":false,"audioPlay":false,"sceneViewState":{"m_AlwaysRefresh":false,"showFog":true,"showSkybox":false,"showFlares":true,"showImageEffects":true,"showParticleSystems":true,"showVisualEffectGraphs":true,"m_FxEnabled":true},"in2DMode":false,"pivot":{"x":0.26350879669189455,"y":-0.32560253143310549,"z":0.6438617706298828},"rotation":{"x":-0.24409016966819764,"y":0.45811793208122256,"z":-0.13242951035499574,"w":-0.8444064855575562},"size":8.053243637084961,"orthographic":false}