{"cameraMode":{"drawMode":0,"name":"Shaded","section":"Shading Mode"},"sceneLighting":false,"audioPlay":false,"sceneViewState":{"m_AlwaysRefresh":false,"showFog":true,"showSkybox":false,"showFlares":true,"showImageEffects":true,"showParticleSystems":true,"showVisualEffectGraphs":true,"m_FxEnabled":true},"in2DMode":false,"pivot":{"x":0.00016736984252929688,"y":2.199824810028076,"z":-0.000008463859558105469},"rotation":{"x":-0.29111552238464358,"y":0.46541666984558108,"z":-0.16537019610404969,"w":-0.819331169128418},"size":0.6317706108093262,"orthographic":false}