{"cameraMode":{"drawMode":0,"name":"Shaded","section":"Shading Mode"},"sceneLighting":false,"audioPlay":false,"sceneViewState":{"m_AlwaysRefresh":false,"showFog":true,"showSkybox":false,"showFlares":true,"showImageEffects":true,"showParticleSystems":true,"showVisualEffectGraphs":true,"m_FxEnabled":true},"in2DMode":false,"pivot":{"x":-0.08111810684204102,"y":1.9257093667984009,"z":-0.1463305950164795},"rotation":{"x":-0.29111552238464358,"y":0.46541666984558108,"z":-0.16537019610404969,"w":-0.819331169128418},"size":4.1741108894348148,"orthographic":false}